ds,yhat,yhat_lower,yhat_upper
2014-01-06,913.2902204621114,-329.4639386972933,2227.0996450991347
2014-01-07,509.38084058069126,-680.2650896828924,1749.5777022003133
2014-01-10,663.72301161152,-553.4414663505818,1975.025371120691
2014-01-11,-26.88444695313501,-1345.4604423182639,1178.946501458172
2014-01-13,780.4696068187247,-489.0413363205231,1944.208653874603
2014-01-14,340.95060668848464,-950.4523742020881,1453.5359362615616
2014-01-16,503.8417614553507,-737.94301547849,1728.4765982316114
2014-01-19,454.83113966790916,-808.0391990867632,1680.5364657502305
2014-01-20,643.975306132128,-587.0091907576782,1883.551267389171
2014-01-21,264.75365365375114,-1020.3871969847473,1527.7516463049367
2014-01-26,460.73521643606296,-791.8520385934348,1824.9197688220634
2014-01-27,665.0813363693567,-595.4006754173382,1875.7892558736928
2014-01-31,571.4268836190213,-714.5865281919309,1763.5552247859987
2014-02-08,453.28950030017745,-695.9968126357599,1624.6410384635137
2014-02-11,430.7965361187985,-812.389321895115,1660.862849147863
2014-02-12,402.16285607283044,-808.8378157463101,1625.0366294317132
2014-02-18,395.32993178319725,-855.5925899796906,1559.1160689747628
2014-02-20,574.7527098908822,-706.3545785022918,1782.023983197713
2014-03-01,385.2543205712327,-760.078923716129,1567.281934070243
2014-03-03,744.5674912612665,-446.12209483425465,1993.6166189986598
2014-03-07,652.7925194971724,-587.5250744788145,1816.1664560984632
2014-03-11,479.8768977521929,-695.7978590961371,1754.0333139933682
2014-03-14,754.8763715841085,-471.50518529899796,2066.2676904613863
2014-03-15,562.0053439382446,-696.8650912074393,1725.5626634699609
2014-03-17,922.0474470563167,-241.30873777853148,2190.66723899027
2014-03-18,550.9442903780691,-628.0083553407267,1812.1292350108324
2014-03-19,525.2103753459946,-677.5855733539317,1741.2026350240467
2014-03-21,784.3435607190718,-443.3860670657581,2072.303462079151
2014-03-22,575.8810984813472,-591.9654538106657,1785.3007788704704
2014-03-24,904.6367699560083,-297.9330116454225,2168.8368029840485
2014-03-25,518.6963042143893,-706.3515143043012,1775.2188255022174
2014-03-28,715.6224224636171,-513.5171098082719,1934.2372560520287
2014-03-29,498.81891166725177,-722.2987179373389,1771.935609550061
2014-03-30,635.1178507257109,-604.9069739664353,1878.4825625610436
2014-03-31,818.1122631380517,-380.67763036748136,1960.2365508796681
2014-04-02,393.63489421102736,-863.6147001005005,1596.9137482913372
2014-04-04,641.284581680366,-584.905409273217,1918.4748271551575
2014-04-06,581.0261662946921,-660.1348987265742,1869.6999274196921
2014-04-07,776.8172830645292,-393.8581903547896,2051.6473714649833
2014-04-08,404.116748218501,-808.9717999352134,1610.5861942782242
2014-04-12,466.91778870990356,-827.565776886924,1650.5869484221557
2014-04-15,474.31695145024696,-770.8436095971061,1659.8354572567173
2014-04-18,747.6216748641618,-544.9565796972377,1972.683266968382
2014-04-19,555.1653427977885,-676.4542937324442,1835.5752989843604
2014-04-20,713.9022298866507,-513.9684196604865,1945.6051300431225
2014-04-23,521.0676838694878,-709.1828698455747,1693.4985733836868
2014-04-25,779.927108204397,-546.0662815652494,2003.8293046589367
2014-04-26,570.3927929719412,-658.6996041391875,1814.5828954915235
2014-04-29,504.90202117012973,-739.6014067480952,1711.7470359883343
2014-05-04,588.3048438546464,-582.7226447814201,1832.4117451738987
2014-05-05,762.2335115912538,-390.89592796385,1972.6707900726694
2014-05-07,318.2781841997464,-967.1019077292323,1559.9835814380076
2014-05-10,328.9321542879957,-853.60320413282,1608.978260360459
2014-05-11,467.5591069173422,-750.1131217690437,1760.39982263384
2014-05-12,655.4888831231005,-505.49281488968165,1906.2615766798506
2014-05-13,276.1281757325812,-929.9742292898867,1512.143478588033
2014-05-14,248.20437021563134,-936.9836817166257,1404.8390041120483
2014-05-16,521.4961615565446,-750.2371167829141,1698.5175273968625
2014-05-18,493.21526031053054,-721.0757453709393,1722.2696101163115
2014-05-20,352.10590503843036,-921.6216835829359,1623.0430255510214
2014-05-21,347.8884831287444,-877.945592468226,1608.3349766149233
2014-05-25,665.4455579720629,-492.14631116778133,1926.0043725331548
2014-05-26,889.2178968086428,-307.89778283420975,2023.5898888322174
2014-05-27,541.4115076771827,-763.1425243434944,1839.1709461669168
2014-05-30,848.8554602156105,-403.1755667659769,2088.2661805134717
2014-06-01,830.2796943223789,-375.04619952908473,2040.6235667784963
2014-06-02,1038.442292777467,-133.5769125976548,2309.7270432848927
2014-06-03,672.1450283062916,-608.8385099067078,1885.4509422934564
2014-06-04,649.8112317337946,-537.8422486148646,1919.2682638074389
2014-06-06,911.5166569047547,-318.01676010679347,2091.502783583866
2014-06-07,702.2728519283339,-480.07961067028833,1991.8530328899728
2014-06-08,842.4648405378766,-383.20847271923583,2104.92800033416
2014-06-09,1025.5798871524808,-311.27125773581366,2213.7434155173355
2014-06-14,587.241740007197,-626.6719496196008,1876.4129047468778
2014-06-15,714.5752188021822,-505.88412160029935,1870.7245886833443
2014-06-16,888.0292386431659,-320.24996318023227,2154.5093886833656
2014-06-17,491.229432714571,-775.1552220682623,1709.917145654371
2014-06-20,669.4142059532328,-491.64518474903474,1940.403407594112
2014-06-21,450.9038500205661,-774.7871001066204,1735.0742262264355
2014-06-22,587.5508008220481,-633.2617763809974,1779.5669495627183
2014-06-24,389.66734160609553,-814.2732262299617,1621.6779053259875
2014-06-25,356.95588169105736,-902.2198493109127,1597.0232870174414
2014-06-27,616.8840357781564,-651.4728470114237,1801.552204022411
2014-06-28,415.7849168067514,-798.227613263736,1612.4809471882443
2014-07-05,474.6445997261337,-779.1583009323814,1711.6206930798255
2014-07-06,634.3757506724087,-627.7315582178474,1893.9058379623136
2014-07-07,839.6479251614765,-292.5831961834015,2158.0061230815663
2014-07-08,473.32257358669835,-796.7111212383348,1723.906201775743
2014-07-09,453.699524288229,-841.2183992233719,1670.4427330333504
2014-07-11,728.3283879400678,-479.67612854660155,1980.6023513681519
2014-07-12,528.8436193947107,-767.6953302795011,1700.0633735751587
2014-07-13,680.6369137039721,-525.9780380063687,1886.2464653367504
2014-07-14,876.8973683015652,-285.99103551726904,2124.358104826128
2014-07-18,725.2362915472875,-433.02313344410055,1921.5762660909884
2014-07-19,516.1646770207708,-776.234958152224,1739.1188114660117
2014-07-20,659.132698152823,-576.6670363610353,1912.2072200190885
2014-07-21,847.5552606598546,-384.9493761211856,2111.2592340410447
2014-07-22,464.79811784866115,-708.0491736180378,1695.8802452515617
2014-07-25,677.4206185412738,-589.316188231153,1863.6895256190242
2014-07-26,467.2918734169266,-847.2312397188549,1749.2339180884235
2014-07-28,800.676382277635,-481.17908701477813,2025.4968499127629
2014-07-30,389.4687076255175,-860.3651833966683,1601.9539445153
2014-08-01,647.4255195452979,-509.4779723699322,1896.0797147122794
2014-08-03,592.7105375765473,-572.4388289075649,1876.741373310028
2014-08-05,415.44161966355887,-785.0385200849975,1687.8101810122403
2014-08-08,659.3173356761001,-551.6995242079946,1888.6768694046584
2014-08-11,814.5740725115227,-382.514551932941,2061.5680535484435
2014-08-12,444.6943915576537,-814.1187042898435,1700.9212365292296
2014-08-15,698.9723955878412,-569.5524900252527,1973.547763855608
2014-08-16,503.3415676160148,-669.7150680465767,1686.1338948946352
2014-08-19,501.73760436261205,-713.7780872258833,1748.272583791076
2014-08-20,486.09522043228753,-771.3453957992976,1807.8016363869035
2014-08-23,590.5386201671201,-574.7583730608827,1853.7014221389284
2014-08-24,758.7318733676052,-404.43819754334874,1955.0408840648513
2014-08-25,974.9504099308231,-241.1433860452267,2198.205112868047
2014-08-26,622.3966294728077,-589.0608434342339,1865.2359274850144
2014-08-27,619.6304216023664,-628.2039737335634,1809.0612545864146
2014-08-29,937.7988868409966,-273.4044325539356,2164.5819710841606
2014-09-02,834.7465337194867,-473.6453461748377,2014.9944044577996
2014-09-05,1174.7615415970802,-145.1598512052228,2344.598009463136
2014-09-06,1005.443503942842,-324.94822731053574,2258.9285393226264
2014-09-07,1187.5862769640446,-60.08750622302724,2465.8831894184664
2014-09-08,1413.838081690341,270.32224092617145,2647.9537973990873
2014-09-09,1066.7899926622135,-193.30591970441432,2277.776799195596
2014-09-10,1064.4455216969527,-76.0086533008898,2245.9583000042703
2014-09-11,1310.2434179472555,49.920386644378205,2551.0903038523425
2014-09-12,1366.3668846448327,98.54474963918052,2608.177549943561
2014-09-13,1176.2480172498058,-12.371651309217752,2430.3009890152166
2014-09-14,1334.1335441624124,115.36119652622793,2564.9244161036986
2014-09-15,1532.9233595060869,264.4167542687245,2755.628899352639
2014-09-17,1120.4135849019808,-227.3633472136103,2312.3949061892226
2014-09-19,1351.410107145754,120.79298565912715,2503.1870491562768
2014-09-20,1124.3055903524798,-162.6136851719604,2286.411468487752
2014-09-21,1245.0340874706453,1.653052993908931,2447.6481532648136
2014-09-22,1407.165060702454,165.9791273323667,2705.724940972579
2014-09-23,994.306291136339,-289.1958356099989,2208.6007076108017
2014-09-25,1105.4902565370521,-146.07476955715939,2298.296643302726
2014-09-26,1097.4735922499938,-141.23028232074492,2367.938295089786
2014-09-27,846.1119060488786,-482.5187958820124,2160.9947975136624
2014-09-28,946.8046911407373,-339.5684228124137,2168.3538096259135
2014-09-29,1093.5545508482662,17.25699756035574,2308.4603050790774
2014-09-30,670.3148926830443,-528.5711496865956,1900.3478487918176
2014-10-03,774.3098423940444,-432.0848589227893,1954.2857882637068
2014-10-04,534.0047917569987,-613.1846500766884,1742.4209610025666
2014-10-07,421.2082479467001,-832.6604773993265,1782.346112194493
2014-10-10,623.968979766762,-551.5244399357034,1813.0880208581966
2014-10-11,421.7927359585217,-878.2500107965276,1572.6418637255913
2014-10-13,786.4188178109207,-361.3357048951913,1965.7425983918827
2014-10-14,429.0072424920022,-826.8509920698467,1633.1231267279486
2014-10-15,424.1768007882506,-730.1550621649143,1560.1791173652687
2014-10-17,744.7249287874643,-556.064461675802,2010.6969067405096
2014-10-18,575.4403374843039,-649.9046339597245,1820.3861301718116
2014-10-20,995.3687723880432,-246.9400872535395,2194.5174857405127
2014-10-21,659.5397157037448,-552.32959425656,1896.2518586862473
2014-10-22,671.8531646240701,-624.0768011604514,2044.423283584107
2014-10-26,1031.5701460409075,-130.21302798969043,2271.691013493317
2014-10-28,914.7287086402941,-356.553316083523,2167.3171524852387
2014-10-31,1220.5940505514504,71.79703306840075,2463.7541261091437
2014-11-01,1034.0853114424285,-208.2316851088388,2259.4132782317647
2014-11-02,1197.0417050312858,-0.1405499051674397,2425.1252492929316
2014-11-03,1402.806922497351,150.62050423281295,2633.3639526366733
2014-11-04,1034.7426354892673,-251.01406625924096,2241.630200120403
2014-11-05,1011.6767658873396,-209.4108683464523,2238.625641252622
2014-11-07,1276.4672070219767,-8.109126753961775,2509.1861704551347
2014-11-09,1218.4844762759876,-35.43079981428929,2421.7592650017486
2014-11-10,1410.6227509990636,206.81222206442249,2666.920583843533
2014-11-11,1031.6352135267448,-183.75708387477167,2285.6676294286335
2014-11-12,1000.4821522591042,-194.81402853515382,2213.4314387137842
2014-11-14,1257.725281689664,24.22671604418955,2524.2485061839993
2014-11-15,1053.3031284296392,-30.308665235930675,2206.48480614967
2014-11-16,1203.1090359292314,-65.89385545638146,2392.758386855685
2014-11-17,1400.5337571502582,178.82870217732977,2649.2358017851698
2014-11-18,1028.8511253427093,-219.36042961510753,2253.7458295808556
2014-11-19,1006.6732400632152,-288.6159511489581,2163.2824299889967
2014-11-23,1253.9375936391475,-82.14794378425813,2503.9156004061974
2014-11-24,1462.625850933132,278.07351129972983,2650.34862448987
2014-11-25,1101.4446428669903,-182.21242177100078,2312.7622329716664
2014-11-26,1088.6476949131256,-101.77298920853907,2350.695505398359
2014-11-27,1327.8761673051144,127.81958713508264,2466.2638969427762
2014-11-28,1381.4637035347907,1.3077552182624501,2624.418653416404
2014-12-01,1565.2626015509481,358.27958296238216,2781.6347766454064
2014-12-02,1201.8253994106062,-9.913651022284702,2461.221893340263
2014-12-06,1262.769678952274,81.64514898063491,2518.3002570265203
2014-12-08,1608.9440212959678,325.1153556567958,2829.2987400606394
2014-12-10,1197.2133056311027,-1.0727294032120014,2415.320391727356
2014-12-12,1440.9499611102515,169.61512690402176,2671.7114843402655
2014-12-13,1224.6372078611225,-65.4944788085279,2401.319507769494
2014-12-14,1358.926372216035,119.36096408859662,2605.6818571193367
2014-12-15,1537.1566744547222,222.0013202313049,2765.258960884534
2014-12-16,1142.6283214203834,-133.3507378745334,2375.7428119611127
2014-12-19,1309.9998153698916,257.56254262617136,2525.4776032385985
2014-12-20,1081.3951401710035,-118.25584581990007,2177.4981865082354
2014-12-21,1204.5338940672477,-61.62876762789506,2453.6650396288774
2014-12-23,969.3932647637907,-203.48403523566927,2242.1499357068697
2014-12-24,913.0786148960494,-298.9263604609854,2140.509632069616
2014-12-26,1116.6331430824937,-160.1034849034712,2358.392434602385
2014-12-27,883.2302645287098,-320.7231128791943,2137.290753616175
2014-12-29,1167.399737175724,-29.682690798332004,2398.637933846892
2014-12-30,761.460293097748,-652.3111086386035,1983.4913306790259
2014-12-31,703.1895520725959,-496.1182515139328,1946.7746782826048
2015-01-02,904.4697651282686,-324.29205898601043,2122.7592660389046
2015-01-03,670.702430477507,-501.8317474138657,1975.9385085503038
2015-01-04,790.0181104354715,-493.94511432393756,2003.2710787750032
2015-01-05,955.715636434092,-289.57657471964455,2250.3160868382747
2015-01-10,472.54426623949007,-858.1758447177162,1635.1253858632365
2015-01-13,371.7897097095606,-977.770510089092,1546.9181440704324
2015-01-17,334.3789087515513,-913.8366655175365,1592.0068664922421
2015-01-19,658.1405560772102,-454.8361153072084,1903.8190144881448
2015-01-27,293.23764783022443,-957.9735422271282,1560.8523149223554
2015-01-28,275.58155171104863,-1003.2466680731774,1429.9128979937084
2015-01-30,561.341018635824,-622.7136339977131,1908.5591186580657
2015-01-31,370.6716512550297,-919.8958718947234,1633.8974582044116
2015-02-03,378.76767636457225,-962.5754897708258,1569.713728512654
2015-02-06,646.171475264619,-533.5763978934195,1818.5176351248829
2015-02-09,807.6108438365297,-456.78461681998556,1974.687237075908
2015-02-18,375.6767374873775,-846.3201318926825,1613.1914012624736
2015-02-27,587.9353086232038,-636.8354613308985,1782.4541310474353
2015-02-28,386.1966366430577,-885.9125686987728,1607.8577430047376
2015-03-01,539.3255476758968,-654.3274287153206,1791.2579581223545
2015-03-02,740.5207862245895,-453.0185020248451,1950.7952668433325
2015-03-05,590.0779577309479,-602.5236252043179,1843.099440762494
2015-03-06,641.167669695235,-578.4978144846536,1820.2428750243005
2015-03-08,615.8493865590012,-584.7255680018336,1871.7997204441322
2015-03-12,693.137004790708,-511.19803264945045,1923.1601765307832
2015-03-13,745.3237449453661,-457.92759507630427,1967.2545003424314
2015-03-16,919.4446105839147,-300.3690055372365,2113.6557865917353
2015-03-19,754.882374457035,-415.97668317901423,1978.55921486852
2015-03-22,732.6640217491636,-453.98062768757393,1982.8871685820168
2015-03-23,921.4864145017789,-294.75210118500746,2234.401974655174
2015-03-24,537.5678646070721,-726.6695592418845,1763.3904707051677
2015-03-26,712.2006796837888,-431.27621398940437,1893.679181857792
2015-03-29,657.4749864915609,-548.1565755858102,1886.8203556713768
2015-03-30,839.6998675772545,-418.93686683700673,2064.9698342962674
2015-03-31,451.66808171610455,-774.2793792750283,1733.8920303002294
2015-04-04,445.1794307477792,-796.9883087107611,1629.817865991701
2015-04-05,589.7800850026406,-615.3963925156071,1848.6857959719653
2015-04-09,609.8857283378507,-591.1638362511138,1920.3596417000083
2015-04-11,459.8624051280983,-718.7484226710861,1743.7593705948755
2015-04-13,826.4723962092203,-421.6772102480216,2069.0887607746
2015-04-16,686.6318988115645,-598.1902779929331,1947.7428266981576
2015-04-18,547.1601886898784,-628.1976454429569,1696.2037413837284
2015-04-20,913.0961612662497,-262.60625887641964,2168.0680756498314
2015-04-21,545.5701117357669,-829.7632955978081,1853.6267437393362
2015-04-25,583.489565090729,-673.0870632162066,1822.378935155605
2015-04-26,727.5133142370516,-458.3895648530464,2031.6358935721357
2015-04-27,914.6823875597343,-317.44112447480717,2160.3173520820565
2015-04-30,694.9801248022047,-516.3800803922688,1941.3331991732618
2015-05-01,715.3661246583308,-440.4075634827169,1991.1437948355958
2015-05-03,621.0238813284575,-621.4077299602087,1809.509942441566
2015-05-04,795.0530494854681,-467.5025946026679,2000.402586671905
2015-05-07,553.0609522245056,-676.0184199518386,1751.6787217567075
2015-05-08,572.6457670035782,-639.3637232326516,1870.9855252230332
2015-05-11,671.3114828364155,-577.0810565335778,1895.36390874704
2015-05-12,287.57165483386143,-921.0291569305925,1420.8756788040432
2015-05-14,477.84567978649966,-793.3416256963137,1632.3252049696837
2015-05-20,324.87596541705966,-925.4716236347774,1543.1168805236207
2015-05-23,458.47886795394584,-817.5852918739242,1732.9690380310926
2015-05-24,635.7726588691364,-514.0687510424061,1905.6621905587115
2015-05-25,859.6646101768135,-451.9160731256418,2027.8231066400062
2015-05-26,512.7105205903952,-794.0305814934072,1834.2692003788025
2015-05-29,826.8068284927647,-344.29858851941117,2009.035995779872
2015-05-31,815.500706375457,-498.80470915785486,1914.3101194489425
2015-06-04,878.76582277852,-427.08476836595463,2155.8561559753716
2015-06-05,919.6114961115386,-384.59859221589704,2093.819351036188
2015-06-08,1046.4245448253093,-181.41557002999693,2272.7639708235833
2015-06-09,659.461877323514,-572.0855229658957,1843.9248937462946
2015-06-11,824.506978324584,-484.78132643034894,1993.1099505758675
2015-06-12,843.9731478774413,-523.565786145857,2051.9529365097233
2015-06-14,748.0368243243508,-459.41669097005274,1966.5076624108342
2015-06-15,921.4566848619775,-285.3706270128051,2082.551940884445
2015-06-16,524.0182167120618,-747.5648068273993,1770.2661498219588
2015-06-18,678.0832245638685,-544.937104780933,1873.2965414743287
2015-06-19,697.0900162825135,-566.8939462434389,1925.8887312003467
2015-06-20,476.01280597398545,-806.5220413276559,1609.6283016424663
2015-06-22,791.864480415624,-342.42088896352266,2048.989319037895
2015-06-23,405.5777979848406,-744.4034320243159,1672.7637458633742
2015-06-25,587.9041698767508,-650.7776506870686,1848.7486472896521
2015-06-26,623.1644006689035,-445.44588386058433,1770.5154825220159
2015-06-28,570.3190388767036,-736.2307930150743,1738.2897261405806
2015-06-29,769.6757810557679,-451.77474762751257,1912.39724504915
2015-07-02,612.5988318868945,-684.5869727926562,1703.6563572826803
2015-07-03,660.6181908335964,-593.8642086235079,1854.7915906710602
2015-07-05,627.344206387417,-666.8842273774711,1847.860588635835
2015-07-06,833.1810561916996,-423.68254340452955,2010.4252499310346
2015-07-09,681.7281508850258,-496.43429274477813,1849.4536365073532
2015-07-11,529.5967328573267,-778.1788083817373,1705.8997929584082
2015-07-12,683.3239515831594,-612.3959380348695,1930.064431073244
2015-07-13,881.539543821815,-257.7021539252016,2180.470767645377
2015-07-14,507.3652727961344,-727.3528200536933,1689.1689408037014
2015-07-16,701.5891249740455,-501.4472562194332,1935.6043531576354
2015-07-17,736.7913443723623,-367.70896384266746,1961.621868481074
2015-07-18,528.990381115106,-641.7335335675986,1760.7387304519218
2015-07-20,862.1572360093112,-411.18521227046625,2073.0780299543153
2015-07-23,661.4364870280492,-482.78253834309425,1924.4399390581245
2015-07-24,692.3310935472707,-542.5282030679618,1918.2598938386598
2015-07-25,481.6639640157762,-776.7047606348544,1691.7454089597868
2015-07-26,624.2377963311526,-641.3266564930807,1838.1006891647885
2015-07-30,620.2197855199215,-631.3549394291538,1737.4408419759773
2015-07-31,655.6585418057709,-568.7118916905225,1836.6467664027955
2015-08-01,450.26070269503793,-825.3396568859981,1718.676476063064
2015-08-02,598.6367967150163,-659.881412888253,1924.0588245965816
2015-08-05,393.1902272466573,-880.3804693504331,1592.200771330054
2015-08-06,619.4764644688396,-616.3374899165118,1832.2778389720538
2015-08-07,660.7634355362459,-576.2789793224048,1870.1499832556558
2015-08-08,460.8466192241424,-749.8565421671193,1660.3727553850417
2015-08-09,614.2838367781999,-532.9603916808062,1804.2660400807504
2015-08-11,443.7952377269428,-810.9151937228769,1787.6621434032631
2015-08-13,651.3966371608983,-652.4895951858317,1927.9058876883212
2015-08-15,499.62802070816065,-653.0787409752685,1677.020394307561
2015-08-16,656.642050862883,-489.0417774210554,1900.909518489707
2015-08-21,764.3585273136041,-511.58707708335345,1961.6795907956891
2015-08-24,955.2036902593939,-221.4093252845263,2296.082260948927
2015-08-25,600.0925947762291,-518.403670965962,1876.4893834924808
2015-08-28,907.9333622411759,-357.82572911660304,2158.721472350802
2015-08-31,1139.8173260830404,-88.2924961178951,2326.9132178600616
2015-09-01,797.664474141938,-391.5101334125029,2003.9300789575873
2015-09-03,1063.3070061281815,-203.55151124084318,2313.404414394179
2015-09-05,968.5743373191531,-315.6793686376581,2181.3664628284646
2015-09-06,1152.3452170998642,-10.794405566116886,2438.6944316437343
2015-09-07,1380.9130622683115,150.0441476629469,2564.1818751279893
2015-09-08,1036.8733308350656,-119.70771774804304,2262.435451242276
2015-09-10,1288.358897161676,91.14931217019354,2515.786770099703
2015-09-11,1349.434855346728,47.98460915601886,2635.7765466459246
2015-09-13,1328.6819285395966,113.21088054634879,2552.85031984863
2015-09-14,1533.8363800710579,373.54687233607314,2702.368783338369
2015-09-15,1163.1076065010839,-52.97835462677056,2346.6335660233576
2015-09-17,1352.7281077661678,185.9575951405574,2551.3943932478237
2015-09-18,1379.4930186369368,223.2210874697604,2629.9736144340754
2015-09-19,1159.0052408854528,-49.70034901065809,2428.3409179208347
2015-09-21,1454.0059518642302,245.33569973994005,2622.922365191216
2015-09-22,1046.4301190425433,-217.41454042288106,2173.9624345441975
2015-09-24,1166.0630021709774,-94.07129513647106,2345.191106076248
2015-09-25,1161.031724484974,-129.53790272589302,2306.8299365518455
2015-09-27,1013.5212142050586,-88.12212553996797,2212.6095260131683
2015-10-02,831.5964824117557,-462.38277397399406,1956.0807180717393
2015-10-03,586.6394191023148,-673.9864713904425,1776.9161162978257
2015-10-04,698.155443335965,-547.5099257999015,1947.943014436564
2015-10-05,859.9630326780702,-411.3867283645165,2103.3562083270954
2015-10-08,610.5133042127457,-545.5050349910234,1790.5263542853265
2015-10-09,636.7094613558204,-623.1447219606845,1760.1413011254954
2015-10-10,427.0759752324202,-834.77176107088,1719.4290460502145
2015-10-11,576.2479116192965,-629.470134836117,1777.6550176194153
2015-10-12,777.3299564948245,-502.5935858943355,1908.6934357119096
2015-10-13,413.2637709285618,-819.0929100434771,1711.5501939344376
2015-10-15,647.9704082917049,-476.6111353573773,1885.75155623662
2015-10-18,721.9659223918516,-494.66190501574346,1984.5803109551894
2015-10-20,616.1540089524353,-649.8076679797698,1845.2290325701686
2015-10-23,970.0028622794789,-272.79431995361034,2243.7987227632116
2015-10-24,805.7027014608075,-375.6928933939427,1987.4658736974552
2015-10-25,992.9097439851921,-301.6107273285195,2172.191948055169
2015-10-28,885.7229450955333,-393.725447950436,2147.1607147722875
2015-10-30,1200.541709858486,-20.86733078260775,2332.0427160737017
2015-10-31,1018.3199625646062,-235.76380828571098,2200.022220286066
2015-11-01,1185.4970744282612,-34.17905250322134,2388.69028399607
2015-11-02,1395.3156320973553,169.72734390983953,2671.1730158274413
2015-11-03,1031.0447081736597,-308.269506767335,2194.7810116352866
2015-11-05,1240.696434212243,58.86442893541004,2583.5250777353676
2015-11-07,1079.0734712842475,-185.51727969123337,2305.3597136575077
2015-11-08,1227.4420531922942,5.854596623495307,2487.759636246742
2015-11-09,1420.5642813661975,113.47713154489543,2548.6354802701285
2015-11-10,1042.0207871291097,-232.68640287241195,2277.3194130504153
2015-11-12,1231.25360944462,24.749022082198003,2527.7895917460055
2015-11-13,1266.4668294739022,-8.182100107254914,2406.195479966688
2015-11-14,1060.6550889025489,-82.34831105065614,2310.2589566318775
2015-11-15,1208.7516014092248,-57.97440673354286,2350.818056393777
2015-11-16,1404.2191551829537,181.6785832995009,2605.566379702578
2015-11-17,1030.4082956546613,-240.75171090841943,2359.2219348081394
2015-11-19,1235.0648058776405,73.94488228526002,2487.9467460062087
2015-11-20,1280.2556002965912,111.18532984391146,2502.583032900294
2015-11-21,1085.4037213011145,-38.737616673932514,2349.16710975508
2015-11-22,1245.0241535621644,60.874547567084484,2400.8314565212017
2015-11-24,1089.7412175847778,-42.131244701798515,2297.646364507937
2015-11-26,1314.8172783590014,20.174855127556214,2500.5832093352533
2015-11-27,1368.3368496099383,148.10079611299057,2677.990111900127
2015-11-28,1180.1651048345043,-22.643025550465353,2407.1900066312023
2015-11-29,1344.5830210942217,-10.624212704117568,2450.002661820756
2015-11-30,1554.4526392066668,432.88459766198207,2872.608516063996
2015-12-01,1192.5893090228187,-31.76131785503763,2362.8501926758668
2015-12-03,1412.032236935871,164.66812552358485,2718.7258125246026
2015-12-04,1459.412163175335,203.9090563128188,2639.8101730836183
2015-12-05,1263.005526888348,68.14196661671093,2489.9064593041057
2015-12-06,1417.2431426848952,149.74849985883537,2768.16780605812
2015-12-07,1615.1774637392373,439.8806514049626,2863.103116460936
2015-12-10,1428.7813663207041,254.19123004638803,2678.5900805903752
2015-12-11,1459.6628539854169,212.40604834298094,2640.4330637573726
2015-12-12,1246.2995056032692,-10.06553666893216,2460.124633437056
2015-12-14,1564.2598619688952,329.62152327083885,2667.97996080832
2015-12-15,1172.1745289995993,-228.60296431455865,2405.8784092548644
2015-12-17,1329.369606410292,128.81261632247129,2520.014581140694
2015-12-18,1345.6095305946897,180.87048934616035,2567.829316441247
2015-12-19,1118.5960272808366,-100.40080140173097,2308.8979993003727
2015-12-20,1243.1197583823823,-15.264737825712961,2529.7714012045844
2015-12-21,1412.5466490103381,158.11615725666223,2513.5870483879826
2015-12-22,1010.1786837424086,-239.334494362302,2269.7933706100594
2015-12-24,1150.227959355769,-110.67235491661432,2354.108435507025
2015-12-25,1159.5232372844353,-56.270719695373565,2462.7078436254114
2015-12-26,926.5672384594534,-292.04241494038143,2227.108292877551
2015-12-27,1046.074033100491,-182.13830016277802,2257.394312697837
2015-12-31,940.7740889297327,-188.2730897598799,2208.8372999508574
2016-01-02,714.5745505220693,-582.3782187802814,1870.6472081772606
2016-01-03,833.5895008206828,-468.3488375958257,2037.810230308686
2016-01-07,731.7383484154193,-435.0175153248525,1988.2860605571893
2016-01-08,741.9410685784496,-518.6728777455027,1975.1279151716797
2016-01-09,511.1930957050952,-611.7849503578688,1759.6692114663629
2016-01-10,634.2723445059671,-614.4426171205197,1994.4850204456964
2016-01-11,804.5467762844548,-422.0152069436451,2040.2746726276239
2016-01-14,558.7566708200534,-602.7994741437893,1809.3195363438501
2016-01-15,578.3567797143739,-582.637694077939,1824.0097369614182
2016-01-17,492.9973343675465,-636.3971645629464,1745.6178436620348
2016-01-21,474.5470050139563,-714.4914524841988,1624.233628165687
2016-01-22,510.29589253206905,-799.3428173224594,1818.519800441058
2016-01-23,306.6572315959686,-920.8291844071969,1528.6210798043924
2016-01-25,657.8766090176389,-563.067822400825,1934.3601207156048
2016-01-30,360.7244576018388,-903.9981082121317,1538.0378400116813
2016-02-02,368.8408215930351,-887.4339766971992,1657.381240788097
2016-02-03,353.91595761446206,-936.2195623595103,1617.0840922608177
2016-02-04,590.07089387522,-649.0298071434456,1773.1774707783757
2016-02-05,639.6806059818446,-542.5946708324342,1875.766877943506
2016-02-06,446.34721203172944,-655.8891901490247,1706.9336216976758
2016-02-08,807.0324786815822,-380.44291454103427,2095.801073407129
2016-02-14,617.7274777179987,-595.2807642805199,1859.1155733613177
2016-02-16,426.5687745872217,-820.8158599058634,1650.941692372063
2016-02-19,637.6388487577071,-576.1936693111203,1895.4471535978137
2016-02-21,566.839501500458,-789.4836205396174,1868.9894144456232
2016-02-27,390.3169551425033,-908.4410677379692,1687.6816388385384
2016-03-01,369.42145111737386,-858.3317544259355,1620.0614417718928
2016-03-03,582.160269090622,-723.6640405540951,1837.1219971125875
2016-03-06,603.4037092624046,-633.6918257448364,1840.2991778027665
2016-03-08,453.27845116245794,-739.9786028299513,1661.4505204264124
2016-03-09,441.1070336092939,-835.8469584109329,1661.5291547744591
2016-03-10,680.516446046453,-523.7867565944972,1872.093069377834
2016-03-11,733.8013695059562,-528.0873816765755,1976.2556665543152
2016-03-12,544.4638444173995,-681.3039134951551,1740.928727616464
2016-03-13,706.7774578667459,-566.2302297133067,1945.978852549126
2016-03-14,913.6249246390191,-203.6285484935335,2236.7771771783137
2016-03-15,547.8712348863412,-640.1144764442502,1896.5973299942664
2016-03-17,757.2748533058452,-504.1519635672513,1984.0849518898108
2016-03-18,798.7523079106275,-460.2928066179878,2016.1863330000892
2016-03-19,596.0665703451339,-589.9449062605134,1819.6585148969677
2016-03-20,743.8410750618043,-573.9051537401031,1909.2485190681055
2016-03-21,935.3453958925459,-295.1825567678434,2198.246455348515
2016-03-22,553.8576633402529,-743.4403006748756,1694.8022574573524
2016-03-24,732.3343792516644,-491.6276306268735,1995.697167823114
2016-03-27,680.1000599121619,-442.2093225766621,1934.3232242007966
2016-03-29,473.4937970116871,-769.2042943683729,1702.670747732343
2016-03-31,645.0536618771564,-567.3187432052911,1749.7431241009224
2016-04-01,672.6626811267524,-604.2309578073194,1960.2330209238057
2016-04-02,460.02408117197274,-695.1219181477051,1639.995557808735
2016-04-03,602.0371459665334,-544.7581094581658,1805.7652830551006
2016-04-04,792.1286211910888,-497.8803822878372,2007.7940022000764
2016-04-07,610.6677527591175,-630.8497023084642,1788.4113667700753
2016-04-08,652.8588333553314,-582.8845994617665,1837.2333947467162
2016-04-09,455.4532935244695,-721.2495531804507,1780.7053210546067
2016-04-12,453.99754297123786,-753.0945911377554,1691.9388474116597
2016-04-14,675.8144884657181,-408.55905633593665,1948.8692618210773
2016-04-15,727.5675529824568,-491.86487519054936,1952.6349446158936
2016-04-16,537.3911862951177,-705.694767477713,1847.8929097479688
2016-04-17,699.4596263212763,-452.34172592848773,1927.8742207714936
2016-04-18,906.5355468916446,-286.28983942701416,2147.003583856397
2016-04-19,541.3465930330274,-643.9014661625788,1785.6190146542049
2016-04-22,794.3930337272554,-462.5661068415213,1992.8478694953344
2016-04-24,739.7014436067088,-452.61485023427997,1958.9132417410126
2016-04-26,547.5444194993081,-683.7792219682847,1875.5306132206824
2016-04-28,720.512724918407,-419.8882150960553,1966.1180196406478
2016-04-30,522.5179953457653,-694.832202590552,1777.677546919702
2016-05-01,652.7027450298224,-548.6531558355798,1988.640319854802
2016-05-02,827.6443326092756,-358.1680782014856,2107.820501095079
2016-05-03,430.9684480037329,-850.1680797837018,1591.735638934404
2016-05-05,584.4380816345995,-570.8939137981552,1791.7230280651995
2016-05-06,602.282152923023,-580.3912341535305,1923.0240068188318
2016-05-07,379.6661846367349,-706.6299043071622,1607.0564330635123
2016-05-08,511.72033064652055,-688.1682001917635,1815.8987794114007
2016-05-12,485.84284353203134,-773.5118710035206,1733.433829728688
2016-05-14,320.28547926124975,-837.344449526985,1508.201356323953
2016-05-16,679.8341033342213,-461.44880141861296,1779.0847905802038
2016-05-17,317.34342798204466,-892.078154607479,1590.4911545989162
2016-05-19,549.4936212366888,-752.1588589570775,1801.9653072544747
2016-05-20,610.0844983393977,-692.7938504387763,1929.0757102000518
2016-05-22,606.9854655413928,-573.1908251345618,1799.3136098871285
2016-05-23,830.0777834323901,-357.11170743544375,2067.8832565521725
2016-05-25,483.88807831489066,-817.8186814266522,1714.7120303483946
2016-05-26,735.9343540669133,-445.153376597448,1994.8845239416535
2016-05-27,801.2863286523032,-427.3166838881335,2037.0364982526255
2016-05-28,623.258236204543,-565.6404579454841,1870.824326515131
2016-05-29,795.9568348940945,-422.55109139025507,1981.899941944383
2016-05-30,1012.1211081189185,-265.2590944620719,2295.314164842021
2016-05-31,654.4968579545571,-553.7017378377901,1922.4724691541953
2016-06-03,921.8301090623461,-341.60690709037357,2082.97105626528
2016-06-04,721.8371888745994,-465.69952403918006,1954.8486324388632
2016-06-06,1062.296218467623,-170.7305246029162,2303.054070422898
2016-06-09,851.1569277645438,-378.99216508868926,2063.467270242362
2016-06-10,873.2127718719482,-353.6411909894806,2082.6456246959233
2016-06-11,651.3515817764123,-636.9784592539488,1803.6166532994991
2016-06-12,780.6598144513837,-439.17225544158987,1991.6592739584291
2016-06-14,557.5126984446088,-677.955603907136,1815.4207335138665
2016-06-17,727.4246425312126,-544.19292143726,1860.3843667684873
2016-06-20,814.8434117820373,-356.99859926416826,1991.1021281621963
2016-06-21,425.5088468465324,-903.7182108133734,1598.8990354287125
2016-06-25,426.1910471940905,-797.7659090666552,1701.5219483814649
2016-06-26,574.3887823113471,-594.4725983915596,1842.0361916496227
2016-06-27,771.0198262063661,-476.0011475426335,2044.5786987978033
2016-06-28,399.03621424002927,-791.2329511736002,1585.0127968718439
2016-06-30,607.8123628514013,-638.4359828082428,1911.2086435599194
2016-07-02,460.6255253958095,-771.0549359403682,1792.2564193072685
2016-07-04,826.0696627018708,-401.8335960528557,2054.2139323552915
2016-07-07,677.0877524679195,-611.7462453133738,1871.122525564035
2016-07-08,724.0303128174039,-491.6773315253101,1925.046762407397
2016-07-09,528.0570205359338,-694.9730275541342,1808.7047388739727
2016-07-14,709.528164431,-514.3991510901708,1954.5086367927129
2016-07-15,746.4503366839103,-535.6407884041757,2008.8747645998728
2016-07-16,540.1926056070256,-673.2435966841973,1797.7126182507416
2016-07-17,685.5112797081613,-585.4118828544247,2000.4272615627597
2016-07-18,875.7744110270794,-329.0341899132684,2055.8966706845063
2016-07-19,494.31899361111596,-690.3322846141257,1892.9359487114118
2016-07-21,676.6968139458902,-546.2407726431061,1915.4941408408029
2016-07-22,707.594309060124,-535.9318626281977,1921.4574014264722
2016-07-24,638.7650051880992,-622.1062656887856,1796.680854101382
2016-07-25,827.2514485484669,-454.7144278654042,2089.9205587909532
2016-07-28,631.0988595484121,-541.3166377181119,1858.4421097558427
2016-07-31,605.9869074322523,-645.0328487306283,1763.7967851209364
2016-08-01,800.160519397253,-442.9390044329048,1943.2549011682593
2016-08-02,424.4313353535499,-812.2529529112038,1647.9663490669595
2016-08-04,622.6657820791918,-601.0504775944516,1945.4905622587778
2016-08-08,814.5831697838873,-426.2349761007201,1967.505335817838
2016-08-12,694.1667776455256,-541.8569128793494,1863.9031765509312
2016-08-13,496.9688528030981,-717.0018935581219,1703.0127686615817
2016-08-15,856.0240246204667,-353.105953246672,2104.9910546851956
2016-08-16,488.8279578176332,-709.6513831099546,1722.2017409190303
2016-08-18,704.4067460235899,-580.1115060322426,1923.6739312922286
2016-08-21,727.117964299596,-498.9972106333539,1925.716994176804
2016-08-22,938.539039896149,-252.31864934893903,2193.5871780371176
2016-08-23,580.9758165593539,-757.4230450809397,1732.9729665043803
2016-08-26,881.1345289117912,-391.3814656949541,2053.995408675919
2016-08-27,703.6297780479836,-488.6576492437149,1957.1430626486572
2016-08-28,880.9456845003413,-352.30809900401795,2176.497462760327
2016-08-29,1106.1616548120512,-185.1218768994267,2383.362593357285
2016-08-30,762.2425433094181,-353.8019910966554,1951.3221103767005
2016-09-01,1025.5758644779546,-291.3551676873599,2331.4445807971697
2016-09-02,1098.7951237392979,-149.37617076246465,2318.553749791948
2016-09-03,930.6077223214697,-273.03823414312615,2138.9846310519256
2016-09-04,1115.1754762801709,-129.58755893375627,2372.799417851051
2016-09-05,1345.2018967035829,89.95827558395908,2574.751772480844
2016-09-06,1003.3052154567276,-264.77741133440975,2263.7646010112094
2016-09-08,1261.1475401083835,92.61413435141881,2438.9123000815357
2016-09-09,1326.406407525838,55.91494018657317,2560.542197407957
2016-09-10,1146.595132882773,-69.23789979480719,2293.5174119103376
2016-09-12,1526.8512773265236,303.1944701655497,2755.2339532440583
2016-09-13,1162.3994553289506,-214.8337366129915,2438.618238113769
2016-09-15,1365.4017393030012,204.15382617634103,2625.720622405659
2016-09-16,1399.0454687795745,219.60196131506777,2504.132669147225
2016-09-17,1185.3993133272486,-186.74660747653817,2303.916855159692
2016-09-18,1319.0994056283548,118.17816860383095,2591.362297016507
2016-09-19,1493.4641042409125,227.68430158432312,2765.301500397081
2016-09-20,1091.8585631643866,-124.60525185978261,2329.5576255194005
2016-09-22,1221.7137155309756,-41.03801901741593,2553.4965742143736
2016-09-23,1220.722665699463,-8.210552375628906,2515.1332473352713
2016-09-24,974.6311550465903,-292.8716158712341,2176.412599072804
2016-09-25,1078.7179362738354,-152.58505719442985,2309.2902334628825
2016-09-26,1226.9015475211381,-90.88881349975789,2408.6830130391536
2016-09-27,803.0903628466208,-477.4609055682112,1993.9698879355967
2016-09-30,893.4977361786416,-302.19241504060255,2142.3311653523383
2016-10-01,644.960530056996,-567.644862861479,1828.1471382940804
2016-10-03,908.6048424547205,-390.4216459764845,2198.551122894349
2016-10-04,498.46944776288547,-767.8502930327406,1696.9396404402044
2016-10-08,441.6868138715122,-819.1861245294255,1699.8332696487155
2016-10-09,583.3890386666415,-621.2238850339911,1787.1695054135625
2016-10-10,777.1031407619209,-496.27809128211976,1981.0997157511474
2016-10-13,627.5671762792822,-626.8692551525904,1864.370612793379
2016-10-14,686.3925282163943,-620.6856719361797,1907.123175809476
2016-10-16,686.612984656922,-584.1024559827514,1840.9650434020532
2016-10-17,914.6904200630402,-282.1757528840406,2178.7915025168763
2016-10-18,574.7778379439369,-571.048226619965,1800.696800504224
2016-10-20,847.8487345619108,-454.64968057956565,2116.6017116794974
2016-10-21,926.0646981108157,-327.28483001591394,2200.141050327084
2016-10-22,762.5747865785595,-505.1486163075018,1937.05143519469
2016-10-23,951.3455733832889,-274.95440083806034,2185.0347004564296
2016-10-27,1108.2087457079033,-193.41253845358472,2248.8634423291296
2016-10-28,1175.202210803522,25.413347460894887,2395.145557110148
2016-10-29,997.1989980293954,-257.52261169235067,2169.9791842328355
2016-10-31,1382.7287054130602,177.4122959427124,2562.524369952491
2016-11-03,1239.6241529677118,21.90210594008815,2553.7988364315647
2016-11-04,1283.9086911689528,81.48477196266938,2573.367144109374
2016-11-05,1083.8431263320522,-125.21956246557974,2298.917401134777
2016-11-06,1234.4053343775122,9.6641478513863,2390.325934377453
2016-11-07,1429.1916179283007,176.17020540222623,2647.1696724424023
2016-11-08,1051.7684229729423,-154.85611644514304,2296.775078116012
2016-11-10,1241.630214187803,12.975420635159733,2489.0497020626067
2016-11-11,1276.3981427307049,11.031443084931148,2460.720788339215
2016-11-12,1069.6872753522316,-134.5010967947668,2293.7261613107175
2016-11-13,1216.4846551316507,18.53530250575508,2372.71065904709
2016-11-14,1410.3162448659853,266.13925259597704,2600.320171354089
2016-11-15,1034.6031160516786,-124.29625627425457,2258.8972413773017
2016-11-18,1277.91616573161,81.61329392346377,2543.7916428646763
2016-11-19,1080.8734907846133,-129.24793934127354,2334.163775509458
2016-11-20,1238.4239715842773,38.329770166067924,2489.704629910583
2016-11-21,1443.678071079596,254.02867786300317,2677.4559455793765
2016-11-22,1079.634824050984,-85.97846747328813,2210.0245902690435
2016-11-23,1064.6441995425805,-128.92885511984178,2261.327289282235
2016-11-24,1302.4235114549354,81.980855846847,2515.4936460230974
2016-11-25,1355.3611903140445,167.85982718875545,2635.2289127756285
2016-11-26,1167.016818891073,-149.20161858469248,2453.8517163777715
2016-11-27,1331.6836015062015,77.47516713311086,2635.596127817312
2016-11-28,1542.224829731685,186.75816205050165,2751.3616785773106
2016-11-29,1181.4465535027173,-48.20435328968952,2405.1679201061575
2016-11-30,1167.563019770699,1.5593850967105944,2390.3678563050803
2016-12-01,1404.21445194889,199.40786646159623,2670.939494494113
2016-12-02,1453.7705020387577,267.54119069388105,2698.9604242368027
2016-12-03,1259.8283499474132,63.397039485392995,2459.9793627645463
2016-12-04,1416.7717341509954,191.41576940805976,2640.4345484324936
2016-12-05,1617.6026330420023,347.3491770931637,2835.804254436075
2016-12-08,1440.5178436118517,189.75630945633992,2660.8425098234966
2016-12-09,1474.5400265319377,315.7218908811411,2614.159033936761
2016-12-10,1264.257455628987,65.56471742661135,2541.000179736162
2016-12-11,1404.3327892049783,193.81467977137152,2742.1874529270194
2016-12-12,1588.0426737524613,367.5611825184157,2751.3387472204636
2016-12-13,1198.6372712129585,-4.29402000709239,2355.148721937103
2016-12-14,1154.7923823244546,-122.04987759239886,2396.319762958931
2016-12-15,1360.614154302391,153.19012848684525,2501.6011547360335
2016-12-16,1378.9300976574177,235.38464222456395,2711.1415217688573
2016-12-17,1153.7757457648331,-21.94877168142398,2460.8680394411467
2016-12-18,1279.943556243436,25.583119232395223,2504.2541104764905
2016-12-19,1450.8060352810903,166.34424988273702,2709.431666435538
2016-12-20,1049.6756874824814,-152.75346057381262,2185.3870589921726
2016-12-22,1191.6623191991102,-48.21541069514006,2412.2097061326745
2016-12-23,1201.6892849022906,-90.11385022175888,2458.891014395112
2016-12-24,969.3288621393128,-224.95384223075004,2285.193402518398
2016-12-25,1089.3105118382148,-57.53111339517773,2325.678896325773
2016-12-26,1254.9322030989358,50.209076609559354,2518.453059974111
2016-12-27,849.4256852469314,-426.013567433961,2044.6387053844403
2016-12-29,984.9309944645868,-212.98072117376788,2171.3969332884417
2016-12-30,992.7059898235282,-257.2946101628714,2228.3470343731037
2017-01-01,877.5204192982308,-342.1690987569452,2039.0651171146121
2017-01-02,1042.5229185302867,-144.87861547440315,2238.8222064697093
2017-01-08,673.2593254712187,-493.43943888942044,1890.5698939272702
2017-01-12,590.7193657789705,-627.4245554056835,1914.948934013652
2017-01-13,608.0232098473853,-664.6870055800622,1829.2148563230944
2017-01-14,385.3558022665211,-847.215084722626,1608.0630072768938
2017-01-16,697.7901058169746,-531.4707822772583,1920.3297904450324
2017-01-19,487.17642663337665,-799.143412667238,1800.614979047891
2017-01-20,519.86127628329,-701.6997179657725,1696.749472680906
2017-01-21,313.21310672336654,-860.539748109478,1536.662006181141
2017-01-23,658.7797928444763,-657.4543419122236,1841.5130021767447
2017-01-26,496.96281733313276,-673.6160796765984,1660.831362214737
2017-01-28,351.847801980339,-871.0688492109815,1641.4511113745803
2017-01-29,512.9828522393232,-756.3406553394897,1776.1887957638394
2017-01-30,720.9136415090948,-443.79937057430334,1969.29137989487
2017-02-02,580.708128827393,-569.1872681545993,1745.9799151678887
2017-02-03,631.3880537526568,-576.0348424964786,1863.6831605444409
2017-02-06,803.7782894437382,-350.49320395346524,2043.577826998738
2017-02-09,642.2136630694677,-584.5632914599943,1860.393430496975
2017-02-10,682.8014552820625,-510.89753746408473,1892.3574688451363
2017-02-11,479.7576093745545,-736.907006061465,1798.82291064876
2017-02-13,820.0999123804161,-418.00651916424755,2076.777939186997
2017-02-16,623.4771233905192,-678.6695912875821,1755.9371489080063
2017-02-17,654.0102928577114,-547.8390742939862,1865.425876830456
2017-02-19,583.1481982593739,-693.2326737030228,1842.9749946119925
2017-02-20,770.2220824422498,-481.90612485874027,1937.6213059938957
2017-02-25,397.490091909684,-759.7649459120074,1572.9029536437786
2017-02-26,545.6531457967428,-778.0948477931253,1710.5632758255392
2017-03-02,576.9432924146024,-658.7060824354104,1828.5974961285099
2017-03-03,623.9852874428639,-529.9901699995092,1748.019037820151
2017-03-04,431.01510334659974,-783.9174818768222,1625.0536899140081
2017-03-06,801.2444482563922,-470.96288789682205,1980.6684269503967
2017-03-10,720.9770738954762,-430.40199398112884,1953.308909004797
2017-03-11,532.6265074813132,-837.9599611217698,1751.8770623121645
2017-03-13,905.0327884227952,-340.56774157112744,2120.1085713130997
2017-03-16,756.055428636239,-516.7115105665631,1951.0841183341263
2017-03-18,600.6864728403896,-615.5185813352159,1812.6348345670408
2017-03-19,751.427863362424,-464.06000624753733,2008.3966737003338
2017-03-20,945.8222127609426,-257.9860513141837,2163.507621055029
2017-03-21,567.0677019720761,-605.2084812393404,1960.6199448354903
2017-03-23,750.2419572733604,-517.1850810020155,1967.6305245174296
2017-03-24,779.2098084623478,-538.0815346589419,2012.9474528243438
2017-03-25,564.8840807523411,-803.6854669861311,1859.6170926303284
2017-03-26,702.2128629233205,-496.7656364030185,1913.9864931859825
2017-03-27,884.7588264394494,-312.4320266391451,2165.935353957331
2017-03-28,496.05292535635704,-754.2479552603764,1783.784644272052
2017-03-30,666.0792189503672,-548.9668548112138,1853.7323254371088
2017-03-31,692.2247310917169,-549.9224219318148,1972.3885787523768
2017-04-01,477.710146917653,-809.234821521643,1720.1147787163302
2017-04-02,617.4894580935406,-549.2950931144038,1762.8840829297592
2017-04-03,805.0550179808431,-468.18466419620944,2021.5383302888772
2017-04-07,654.3469494759881,-596.7669149656616,1803.2429017418733
2017-04-08,454.18218286680667,-791.7386997959435,1657.8639292480932
2017-04-10,812.0596465248027,-456.18570321809545,1948.7611737517632
2017-04-13,665.4619615117613,-502.26991431161997,1935.7495638847756
2017-04-14,716.7758319422421,-497.85783656832905,1925.080313780166
2017-04-15,526.7073235451662,-724.8554646127474,1714.3918688749648
2017-04-16,689.4392169369607,-520.1192326193888,1962.5725657655753
2017-04-17,897.7268567094193,-319.99270468265547,2055.6452006261134
2017-04-20,750.0847774266465,-556.7290266703789,1933.4145807857835
2017-04-21,795.2243879014845,-482.0586095475342,1982.0081855071412
2017-04-22,596.1894165183749,-664.5124340993289,1806.704412475673
2017-04-23,747.3592217730486,-582.0912971179654,1934.474544543444
2017-04-25,562.451178411394,-674.587612383724,1871.8834255213121
2017-04-26,527.9533714955198,-708.589035355167,1792.676466848462
2017-04-27,742.2931026681458,-454.6124228815683,2026.9388438719498
2017-04-29,550.0104745904168,-643.4775422043291,1725.5501345327943
2017-04-30,682.3945895616944,-505.7411958967155,1953.103101667983
2017-05-01,858.9991174465201,-396.40891504450144,2052.1488939738138
2017-05-02,463.39165243910725,-806.7649364180095,1733.7652651441747
2017-05-03,414.5894632860277,-817.693024371929,1599.8650779989118
2017-05-04,617.057600828291,-553.1694501962735,1861.0415268276276
2017-05-05,633.9923236051397,-569.507588655738,1907.3909933756138
2017-05-06,409.7993277848864,-882.6247581014444,1622.0938234270013
2017-05-07,539.6335660273558,-721.1239168917118,1867.0023981169709
2017-05-08,717.2128505234255,-604.3938687562899,1928.567398188933
2017-05-09,326.1680802613596,-865.5903369008436,1476.092047965983
2017-05-11,499.5135063044436,-647.5124016795581,1736.2624329758894
2017-05-12,531.2307577753775,-740.0955515540737,1765.5709404345357
2017-05-13,324.7468530061956,-920.2811507109777,1474.0264560899764
2017-05-14,474.8404087090362,-737.2073238436355,1795.2951915154335
2017-05-15,674.7836476491491,-367.3623424052,1908.9202236165875
2017-05-18,531.5531802188941,-718.4938961611372,1728.6119707558119
2017-05-19,588.6314249119546,-627.3691241987835,1882.3358516488513
2017-05-20,406.7831386903199,-847.583876629702,1609.6904345119387
2017-05-21,580.2019901272156,-638.9218564694946,1788.1216276904327
2017-05-22,801.6041933266101,-421.9563332030535,1992.1394726453552
2017-05-23,453.60409779443876,-684.3759861824473,1649.2922093513305
2017-05-25,706.7178707502019,-545.4215753005816,2009.7402067689036
2017-05-27,597.1587744394881,-584.4607735425177,1860.57366846333
2017-05-28,772.4096616185482,-503.7592345758714,2027.17959776124
2017-05-29,991.7108972566407,-226.48724724912012,2103.4220906614614
2017-05-30,637.7324228887373,-589.6749658498725,1854.904232200549
2017-06-01,867.9415337615312,-401.3146624650646,2041.679928596761
2017-06-03,722.8700227597924,-550.4174095306568,2010.3422021005817
2017-06-04,876.6579546300641,-295.2962852114809,2147.3540826329804
2017-06-06,694.1722491883318,-465.63936813937534,1842.9014623494597
2017-06-08,873.8126056274396,-443.80011693487734,2122.2250036074397
2017-06-09,899.1288738645994,-339.8521981281264,2191.824714671375
2017-06-10,679.9980897944868,-505.5249525876648,1893.4045584780363
2017-06-11,811.4577932335571,-447.7174065245547,2130.1984875884045
2017-06-12,987.1671418540877,-219.0677879392286,2275.2020235273635
2017-06-13,590.7585502491922,-653.2960821793204,1818.339102032678
2017-06-15,743.2015014587143,-530.5068523253751,2020.2460887550687
2017-06-16,759.6795846389732,-489.0270613586594,2021.9533809824713
2017-06-17,535.0559746873801,-641.9760777425452,1759.4966838040898
2017-06-18,664.390520337945,-583.013371601058,1907.580395159671
2017-06-19,841.2804890840312,-402.71056525980237,2033.637888451627
2017-06-21,407.0278024538611,-741.9872939517517,1667.2424377296456
2017-06-22,618.8955064788174,-653.9403138684215,1904.5943650368329
2017-06-24,437.19721065926956,-775.3107390106543,1634.6606927752844
2017-06-25,582.2083528335695,-639.4600896651117,1664.1683875416247
2017-06-26,775.8130510333708,-437.2810980241857,1914.2922244215179
2017-06-27,401.03540770138693,-831.629193997188,1606.756181398686
2017-06-29,605.1627351864461,-631.7399052349842,1794.1215605069356
2017-06-30,650.1870952895711,-581.0923778828324,1949.2042230438615
2017-07-03,818.9418838539348,-433.4839954563388,2128.989916702201
2017-07-05,436.79477741738424,-755.013029690636,1541.3080096990127
2017-07-06,671.0418145415927,-457.50788190707914,1844.6115553502334
2017-07-07,719.0714404307723,-585.9476671364704,1834.32775923786
2017-07-08,524.4744633412854,-723.8296721779004,1694.0510075192262
2017-07-09,681.6331903233238,-649.4719523565626,1783.593234625878
2017-07-10,883.5541594939677,-391.8726753761201,2078.8259187881213
2017-07-13,715.1384797761439,-502.2128590166447,1870.0977383496813
2017-07-14,753.937415719719,-432.2536971919161,1989.087779161414
2017-07-15,549.4370554537738,-666.0888655056312,1787.2579384156097
2017-07-16,696.3469619137506,-424.42186572216457,1907.5388162432582
2017-07-17,887.9957648149423,-259.99831226955905,2176.3599920769384
2017-07-18,507.689261217125,-709.1562283467165,1806.9790730333036
2017-07-20,691.5742999528495,-497.69033957888286,2043.365366509508
2017-07-21,722.8127386221004,-557.5529261507046,1926.7587582122344
2017-07-22,511.96308208186883,-760.870191117599,1770.6193174246375
2017-07-25,459.47492123444545,-823.3257061033662,1658.1221597057254
2017-07-26,425.2450589280868,-687.1026509709629,1630.0513662347653
2017-07-27,643.3373418089261,-564.0868732990042,1818.1321509392262
2017-07-29,468.8043439168059,-681.4335208109669,1669.6236007051994
2017-07-31,807.8040122740508,-363.3886077409831,1992.3824223764773
2017-08-03,627.0207527291777,-656.7491658282916,1843.9537105271081
2017-08-06,617.0377230167887,-606.228628826549,1884.2238953215074
2017-08-07,815.699482215542,-489.2700881127084,2076.550681431324
2017-08-10,649.4475397637423,-621.5833885983517,1896.6874512026627
2017-08-12,495.18007285939984,-666.8973205892166,1762.7388686663332
2017-08-13,650.6856049613716,-616.738416969441,1867.0000026836474
2017-08-14,852.7590595961938,-388.50682652849014,2118.1606057077593
2017-08-17,697.820318779952,-503.19162789150124,1838.9584856867773
2017-08-18,746.0441387465216,-552.8637886863112,1963.7483262575518
2017-08-21,924.7475871367953,-285.6133322613275,2171.3560814697807
2017-08-22,564.905198181325,-644.463342034674,1793.9771419653446
2017-08-23,554.5929198996243,-686.1972635742449,1847.1989428351726
2017-08-25,857.5404989394212,-486.37873788041037,2041.436290077662
2017-08-26,677.4654583495569,-515.7281278642663,1856.1908921424808
2017-08-27,852.2823805105006,-380.25842385059804,2076.2977788050052
2017-08-28,1075.1410465918345,-147.84280214108955,2257.1847407478776
2017-08-29,729.0801956999235,-578.3192056189713,1960.3287588942082
2017-08-31,989.0777640663684,-150.7146000036284,2203.560815733519
2017-09-01,1061.249798899869,-86.15041207638512,2391.972914476052
2017-09-02,892.5198671892888,-396.6409179328191,2125.944657746471
2017-09-03,1077.1094719227747,-128.21294509557123,2400.5840323949787
2017-09-04,1307.772486470842,35.81700512838928,2529.0331201947706
2017-09-07,1229.6417881687605,22.133327174656326,2426.568519231872
2017-09-08,1298.2519265091441,86.95596623533778,2537.843829280669
2017-09-09,1122.4611812915725,-52.21183058176203,2340.7732336888516
2017-09-10,1296.350167540679,82.17042835174891,2557.1479566498574
2017-09-11,1512.6073845812848,223.5514606137654,2605.1784443136166
2017-09-12,1153.906007607023,-106.33731388983323,2375.1789310245135
2017-09-14,1369.6123288877857,2.260461151538532,2633.138683629521
2017-09-15,1410.0085196646703,203.3620493185673,2729.9376371888725
2017-09-16,1203.2310078921507,-64.46276122020684,2437.531643151404
2017-09-17,1343.7938189451693,135.70282765756264,2487.1163486393607
2017-09-18,1524.889130455877,299.00124815125895,2817.2958289568687
2017-09-19,1129.7546671181562,-199.50805757533473,2366.3822136919985
2017-09-20,1077.1319267596753,-112.71186801180974,2271.7893997976344
2017-09-22,1275.2431732356654,128.19097161231574,2506.793142712898
2017-09-23,1033.3874616498288,-182.06286193561127,2276.254155059
2017-09-24,1140.8959894348643,-95.19534067731612,2262.2100841872716
2017-09-25,1291.611798873974,81.11636916852669,2557.6584230223984
2017-09-26,869.3848016195134,-356.44938740908486,2079.2909416080765
2017-09-28,968.7488631720696,-170.42405123016587,2220.7949520381835
2017-09-29,958.5572562748614,-282.2493352269858,2185.203173089119
2017-10-01,811.3297142218182,-384.77809827468207,2137.213949512035
2017-10-02,963.6677207392097,-273.280053713422,2217.2514201050913
2017-10-03,548.4878990563341,-767.0852115770127,1721.7848262195923
2017-10-04,484.99107782963733,-889.1546511036346,1694.1040506042566
2017-10-05,677.7150363365613,-658.4679521589443,1945.5161154807486
2017-10-06,689.81900194472,-517.6106775304662,1974.608898356097
2017-10-07,465.56564253739134,-716.1943773363755,1532.81825699379
2017-10-08,599.8672132530951,-531.1239946597977,1820.7757901503653
2017-10-09,786.1078609947244,-477.4476463933487,2075.892705852965
2017-10-10,407.50467378684834,-771.7661320287851,1758.67062955618
2017-10-12,615.0952295759957,-636.0654209080512,1904.5265973949602
2017-10-13,667.5083195739232,-470.1147467932467,1847.1313759329898
2017-10-14,483.31606016468504,-731.4114654537723,1738.6846309709695
2017-10-15,656.6953425549857,-609.170151205901,1884.154904410009
2017-10-16,880.3261977481093,-374.2534939970808,2092.9116780466284
2017-10-19,805.1041745082753,-367.9533920868012,1978.6521479964783
2017-10-20,882.2570060781463,-322.1204540710287,2124.0532017433216
2017-10-21,718.5589672814399,-403.9486552429067,2068.1077194997647
2017-10-22,907.9422728689062,-426.27773569912256,2104.315181523462
2017-10-23,1142.945813764353,-175.88286158738782,2405.0296219758293
2017-10-24,806.0930365311845,-535.8097570583068,2011.4844663423473
2017-10-26,1074.2045685021278,-195.56235031008774,2273.9709561975087
2017-10-27,1144.8556708799247,-65.74080483416336,2397.1876286309202
2017-10-28,970.8288352374798,-261.63791952576224,2240.3301037643496
2017-10-30,1364.822818691303,87.0168938251017,2663.96955732095
2017-11-01,997.3242537382318,-247.99969417644328,2295.50777463241
2017-11-02,1234.0686970759411,-59.64015129105751,2443.4552114750945
2017-11-03,1281.9851203698167,87.50841803298394,2437.219177983303
2017-11-04,1085.1729817863973,-146.62148091450274,2338.5933995508863
2017-11-05,1238.5472154053941,22.682424599116104,2436.564127173244
2017-11-06,1435.6554777993388,214.5110885942547,2708.417771904822
2017-11-07,1060.030665176067,-122.2991359113663,2360.0434827723484
2017-11-08,1030.6358281251064,-192.3745164709414,2253.8056245887633
2017-11-09,1251.8616150768034,-7.60146093583948,2420.1206862868944
2017-11-10,1286.8101118389359,38.171588722455375,2586.284479951705
2017-11-11,1079.7745503183703,-197.12178968801598,2364.5940276620345
2017-11-12,1225.781619412511,-36.471525760660086,2380.155880064216
2017-11-13,1418.4084850263557,160.68900364337344,2568.5573840827933
2017-11-14,1041.1372372734031,-142.52772593352827,2262.1807636386243
2017-11-15,1012.8037872795571,-154.17742693587618,2214.821930989607
2017-11-16,1237.6011864439492,-29.001621249672393,2441.831171688479
2017-11-17,1278.3710289472606,-1.254657136791327,2569.7661941666283
2017-11-18,1079.0921624488624,-213.7840780652081,2475.6353551187062
2017-11-19,1234.4331578591573,4.918215155053734,2471.8113385924785
2017-11-20,1437.5803377251716,235.27115173836484,2645.8139839403652
2017-11-21,1071.6037576906142,-161.3123152197738,2293.3024167734284
2017-11-23,1291.29625612874,30.6008358055572,2579.4506443006167
2017-11-24,1343.174548434572,87.7838036394032,2492.166138541927
2017-11-25,1154.1491799190712,-37.214373286576055,2416.990618782948
2017-11-26,1318.539438018696,175.14592876290146,2592.930540187203
2017-11-27,1529.2236170790616,251.5772199080628,2811.351834976437
2017-11-28,1169.0117335057641,-20.31322738179081,2365.440946187218
2017-11-29,1156.11131629528,-57.164432922516625,2397.0278455468415
2017-11-30,1394.1458249320658,255.17739589126788,2685.6203239066035
2017-12-01,1445.458997447434,277.6278981759743,2689.5522349905946
2017-12-02,1253.6140671618305,17.385574698196866,2432.842732961038
2017-12-03,1412.9540908048775,118.4449964606431,2583.4009146089415
2017-12-04,1616.4350616184165,390.4220775596353,2796.9169900111992
2017-12-05,1246.994159871976,-63.62922913970352,2484.6269899003514
2017-12-07,1448.313757751223,243.0330663077776,2739.658881593686
2017-12-08,1485.4873651413063,346.93737501777935,2726.033939624806
2017-12-09,1278.3535515616531,57.43456932072373,2505.0132613205833
2017-12-10,1421.528646701941,141.10683117406813,2607.838376840363
2017-12-11,1608.247430425942,396.9562957220832,2878.3885922994787
2017-12-13,1180.6021011474913,-100.30010526464913,2400.833600258783
2017-12-14,1388.9650834457843,91.37359642993054,2634.2883546125054
2017-12-15,1409.6222283859715,124.31092340489052,2571.1089902181484
2017-12-16,1186.5977612435877,-15.34850630444172,2428.193061304981
2017-12-17,1314.6789741981684,74.66786623612576,2570.919569486032
2017-12-18,1487.2388557830182,234.27229290605905,2697.5378620764855
2017-12-19,1087.5953699526078,-179.69132359153937,2235.2662808953005
2017-12-21,1231.965823243256,38.03492190124582,2430.0548946920107
2017-12-22,1242.9177026873126,-13.786349371883789,2471.7391354773176
2017-12-23,1011.3255375303147,-201.94402005572832,2224.059497141733
2017-12-24,1131.935292298071,-280.3112702386173,2322.6283712668214
2017-12-25,1298.06066327531,137.97909145732382,2533.3194627951157
2017-12-28,1028.9518342484628,-199.0627238139468,2233.631656157444
2017-12-29,1036.8462432898407,-176.58378185722262,2235.0774684194207
2017-12-30,802.8489463786104,-388.6255131340744,2120.0258741583716
2017-12-31,921.6457956110557,-317.19369533715934,2060.1495355988004
2018-01-01,1086.5052552373752,-252.95206131938428,2318.0346332061285
2018-01-02,680.6452545104828,-610.5978815375015,1881.551992753318
2018-01-03,622.6928841958793,-646.5202669554125,1798.0432218242424
2018-01-04,816.6965915374112,-384.0203512488391,2017.4358094329025
2018-01-05,825.4242775777352,-384.85637275397363,2062.814172108775
2018-01-06,592.8563333223574,-559.4453594593607,1834.592598642664
2018-01-07,713.739950773615,-526.0227302762775,1885.8327868678266
2018-01-08,881.4164701299785,-339.09422960339197,2160.0774857916244
2018-01-09,479.1841964677369,-658.1649746735694,1699.9232440605526
2018-01-10,425.75349241638764,-809.9909861756487,1601.141360595371
2018-01-11,162.5872737876266,-997.8484075253994,1483.635612227384
2018-01-12,640.5274338978793,-630.0183520090528,1838.2300766584174
2018-01-13,460.03574577962013,-856.6861737570587,1725.4566527553857
2018-01-14,545.3097429825007,-690.073588512143,1754.2991681998915
2018-01-15,722.972953889561,-456.6378659652672,1966.3747346318175
2018-01-16,331.8994681911952,-932.6671856551061,1495.7221167309333
2018-01-17,290.76631588096916,-897.048948876453,1525.5315759631962
2018-01-18,503.6382825577343,-694.3058452464869,1694.4701711673015
2018-01-19,533.2595620085822,-750.5226706277042,1846.3350181260125
2018-01-20,323.54147119402614,-1015.2071015062334,1597.2715318628748
2018-01-21,469.1128160482974,-665.0830638242842,1678.9473324531043
2018-01-22,663.1448782246048,-555.6929593973813,1933.0524513625876
2018-01-23,288.71361361246727,-966.9047553217029,1570.431913416156
2018-01-24,264.2559690618234,-980.9376470873798,1380.7781429144873
2018-01-25,493.580186522089,-846.8937072796147,1700.9841228176601
2018-01-26,539.1636648782153,-666.6724946037267,1768.9225510581462
2018-01-27,344.64752753167363,-774.5099740345693,1570.3888241697878
2018-01-28,504.39428336363835,-771.192676621743,1640.4565931936788
2018-01-29,711.3203308893394,-536.0752812852446,1959.5782603091297
2018-01-30,348.265663370591,-829.0573292372698,1617.6960328902194
2018-01-31,333.45744272602997,-926.067655570061,1487.548816367973
2018-02-01,570.5270749291178,-662.997996221198,1839.7555903211319
2018-02-02,621.8141302923582,-568.9920086576022,1851.0532605331966
2018-02-03,430.8660468175856,-812.748473503794,1664.7210028106504
2018-02-04,591.9998183364976,-577.6908984071257,1847.1360534548944
2018-02-05,798.1372616316287,-479.77735520811336,2010.342740590015
2018-02-06,432.1761003317963,-739.6837816587772,1742.4490695233676
2018-02-07,412.45345356284906,-895.1136898455245,1644.6234718320995
2018-02-08,642.76132544386,-617.8116367699827,1848.15697537735
2018-02-09,685.6474474418394,-582.7509301127077,1765.138785812835
2018-02-10,484.9104660670289,-732.5924325503855,1773.0637131474912
2018-02-11,635.1557768148468,-539.2129786461983,1752.0586151305058
2018-02-12,829.6237402702725,-416.11952191693143,2046.0511893346438
2018-02-13,451.552698892433,-831.9912637418009,1727.1893216653473
2018-02-14,419.63359729189006,-955.1174844207355,1716.3780888573729
2018-02-15,638.0160450643989,-605.7911677913969,1840.8092835578516
2018-02-16,669.5994384548749,-556.7778701851286,1890.2535971682519
2018-02-17,458.5184111715298,-754.3079885305592,1653.5957060983012
2018-02-18,599.6891985806392,-613.473581714226,1803.2143882229927
2018-02-19,786.6289315148915,-430.2525045840158,2094.976374583592
2018-02-20,402.81054713050685,-911.2631116090804,1626.098536065946
2018-02-21,367.1103688564674,-915.0467440081272,1705.8594208725551
2018-02-22,583.8084163844594,-745.2105034828818,1847.9653571867032
2018-02-23,615.8752494223816,-675.3504754038121,1841.7655347770453
2018-02-24,407.45476255870835,-800.2989070597281,1656.1162663873292
2018-02-25,553.4096170479891,-622.0731830063867,1761.783866744743
2018-02-26,747.141378356984,-459.64291778471255,2020.6155853152502
2018-02-27,371.9480481919825,-905.7389306616515,1583.0633428047727
2018-02-28,346.4759924221819,-791.3680874608295,1612.7390338779753
2018-03-01,574.7262240167274,-631.613241565963,1780.7560029876493
2018-03-02,619.3486941139859,-581.5975652241212,1813.033311665183
2018-03-03,424.13381292709346,-909.577052129201,1692.7910052535267
2018-03-04,583.5676509194161,-671.131223468993,1792.6675354601284
2018-03-05,790.6626202736729,-380.5007327782746,1989.6485478882462
2018-03-06,428.32603074849817,-799.0031026399025,1762.1406623011278
2018-03-07,414.82320910861904,-762.8468125704973,1679.2971889825862
2018-03-08,653.7948204426252,-674.2029012344352,1889.0269558881291
2018-03-09,707.5617243508611,-523.4467156052207,2012.0284265765301
2018-03-10,519.6262776072815,-778.3270680546315,1769.5892896655535
2018-03-11,684.2362428515223,-646.3048895278856,1877.1311974721675
2018-03-12,894.2228403543681,-350.45160148646954,2132.584817013979
2018-03-13,532.3751098369498,-818.306181744752,1697.0755530637211
2018-03-14,516.90708729637,-734.4749729112241,1794.939688233088
2018-03-15,751.4772995851079,-511.1313766468458,1882.0377779056378
2018-03-16,798.4938272594873,-385.8983942514679,2086.9130691177234
2018-03-17,601.6138209237079,-579.7925128930412,1994.977622719287
2018-03-18,755.3036615776846,-485.58923016737924,1993.548385504603
2018-03-19,952.6713900468842,-203.32829406967028,2256.776737688699
2018-03-20,576.8337155016413,-719.3801830719115,1797.9102572249224
2018-03-21,546.3743025319784,-713.1202345516447,1667.4392961085389
2018-03-22,765.3530802292737,-455.71621593901097,2038.2605451875934
2018-03-23,796.6001043090396,-335.969469964237,2082.320787119469
2018-03-24,584.2031699454117,-676.7952709014006,1854.3927061896109
2018-03-25,723.0557015468514,-491.00314502511486,1939.466846276502
2018-03-26,906.6768940066049,-276.1801679633951,2112.3869505855864
2018-03-27,518.5667686852439,-712.3901334132576,1736.5430170014508
2018-03-28,477.6531904398148,-766.6505675497724,1679.2065221107107
2018-03-29,688.2909195890854,-546.5744346659777,1890.143631527633
2018-03-30,713.5465341578356,-556.6465719308895,1930.7436958547564
